Prenom;Nom;DateNaissance;Pays;Gender;PairGender;GuestAnimalAllergy;HostHasAnimal;GuestFood;HostFood;History;Hobbies
Matthieu;A;2006-05-02;France;true;true;false;false;text;text;lalala;sport,poney
Mathéo;Lelong;2007-01-01;France;true;false;false;false;text;text;histoire;sport
Lucie;Martin;2005-08-15;France;false;true;true;false;text;text;danse;dance
Carlos;Gomez;2006-03-23;Italie;true;false;false;true;text;text;musique;leer,chanter
Aya;Tanaka;2007-12-12;Italie;false;true;true;true;text;text;dessin;leer
ythgfh;gfjhgj;hgfhgdh;hjyjhtjhgf;nhgfjhgh;jhgr
hgfjhj;gb
jhgf;fghd
nhgfjhghbgfhg;h